,rate,payload,n_messages,confirm,n_pilots,mean_delay,drop_rate,actual_rate,send_jitter,delay_jitter
0,4000.0,1048,100000,False,1,6.34385984,0.0,1636.1925798666502,0.002373857,3.212890438
1,3500.0,1048,100000,False,1,6.971373781,0.0,1548.7667944399273,0.002564519,3.482794745
2,3000.0,1048,100000,False,1,4.94095628,0.0,1595.9322877848938,0.002424377,2.521461935
3,2500.0,1048,100000,False,1,1.615842965,0.0,1639.2287101073202,0.002409143,0.795904707
4,2000.0,1048,100000,False,1,0.08552023,0.0,1530.3413120228206,0.000121639,0.00182669
5,1500.0,1048,100000,False,1,0.087418755,0.0,1210.9176333825774,6.5531e-05,0.001277424
6,1000.0,1048,100000,False,1,0.090304511,0.0,878.6736245902086,4.65e-05,0.001050433
