,rate,payload,n_messages,confirm,n_pilots,mean_delay,drop_rate,actual_rate,send_jitter,delay_jitter
0,1500.0,1048,1000,False,1,5.03085817,0.0,82.73248178996026,0.000504913,2.549294354
1,1500.0,1048,1000,False,1,2.308143977,0.0,170.5443622553264,0.000438612,1.13304031
2,1500.0,1048,1000,False,1,0.645077752,0.0,414.34340864577246,0.000309209,0.277966398
3,1500.0,1048,1000,False,1,0.359271551,0.0,673.4015803388288,0.000183892,0.146159972
4,1500.0,1048,1000,False,1,0.205311508,0.0,913.4004987166722,0.000221028,0.065598115
5,1500.0,1048,1000,False,1,0.103550638,0.0,1255.6693471021663,5.4741e-05,0.004725842
