,rate,payload_size,message_size,n_messages,confirm,n_pilots,mean_delay,drop_rate,actual_rate,send_jitter,delay_jitter
0,600.0,616.0,255.0,500,False,6,0.200603141,0.0,377.20106249995285,0.000126427,0.107572068
1,500.0,616.0,255.0,500,False,6,0.124266499,0.0,371.8026367499393,0.000150431,0.065051029
2,400.0,616.0,255.0,500,False,6,0.030617011,0.0,357.21532082222393,6.1335e-05,0.013909599
3,300.0,616.0,255.0,500,False,6,0.004227594,0.0,283.0738536853527,5.918e-05,0.004353493
4,200.0,616.0,255.0,500,False,6,0.004279936,0.0,191.60435692979308,4.8037e-05,0.004446559
5,100.0,616.0,255.0,500,False,6,0.004424098,0.0,97.70555122882806,7.2857e-05,0.0043005
