,rate,payload_size,message_size,n_messages,confirm,n_pilots,mean_delay,drop_rate,actual_rate,send_jitter,delay_jitter
0,500.0,616.0,255.0,500,False,10,0.498803498,0.0,243.196989804939,0.000110811,0.267934244
1,400.0,616.0,255.0,500,False,10,0.381299009,0.0,240.81791396298388,5.9795e-05,0.210497239
2,300.0,616.0,255.0,500,False,10,0.228405089,0.0,228.41240133155293,5.2698e-05,0.123659209
3,200.0,616.0,255.0,500,False,10,0.004785925,0.0,190.7309707233682,7.3518e-05,0.003782634
4,100.0,616.0,255.0,500,False,10,0.004498623,0.0,97.7235303602578,8.5689e-05,0.003731961
