,rate,payload_size,message_size,n_messages,confirm,n_pilots,mean_delay,drop_rate,actual_rate,send_jitter,delay_jitter
0,700.0,616.0,255.0,500,False,4,0.056398994,0.0,524.0041040001425,0.000174526,0.030645203
1,600.0,616.0,255.0,500,False,4,0.004105625,0.0,505.73708145199134,0.000121075,0.003040707
2,500.0,616.0,255.0,500,False,4,0.004218857,0.0,438.14815804705097,0.000106802,0.004434588
3,400.0,616.0,255.0,500,False,4,0.002895479,0.0,367.6155682252219,6.9904e-05,0.002865036
4,300.0,616.0,255.0,500,False,4,0.002871096,0.0,281.8095328274289,2.9765e-05,0.002829857
5,200.0,616.0,255.0,500,False,4,0.003142038,0.0,190.33001702311674,6.1721e-05,0.002994825
6,100.0,616.0,255.0,500,False,4,0.003285883,0.0,97.88172207620445,4.6815e-05,0.002926044
