,rate,payload_size,message_size,n_messages,confirm,n_pilots,mean_delay,drop_rate,actual_rate,send_jitter,delay_jitter
0,600.0,616.0,255.0,500,False,8,0.379604748,0.0,299.5990765158066,0.000129194,0.202956775
1,500.0,616.0,255.0,500,False,8,0.303169871,0.0,296.7389869034248,0.000111582,0.164246833
2,400.0,616.0,255.0,500,False,8,0.224380363,0.0,283.77279334019306,6.1774e-05,0.121017729
3,300.0,616.0,255.0,500,False,8,0.029722921,0.0,273.8325355222411,3.9588e-05,0.020228991
4,200.0,616.0,255.0,500,False,8,0.004293494,0.0,191.00135324458773,7.4193e-05,0.00410315
5,100.0,616.0,255.0,500,False,8,0.004377552,0.0,97.78043305975999,6.8552e-05,0.004128925
