,rate,payload_size,message_size,n_messages,confirm,n_pilots,mean_delay,drop_rate,actual_rate,send_jitter,delay_jitter
0,0.0,5593032.0,1398359.0,500,False,1,11.283823918,0.0,17.43548799699161,0.003676782,5.874436983
1,0.0,2796824.0,699307.0,500,False,1,5.62393022,0.0,33.51871192148631,0.000971587,3.024466796
2,0.0,1398728.0,349783.0,500,False,1,2.552763174,0.0,81.80468999376484,0.000463102,1.279525209
3,0.0,699672.0,175019.0,500,False,1,1.054541012,0.0,172.4409079496638,0.00049775,0.573648384
4,0.0,175384.0,43947.0,500,False,1,0.164794874,0.0,653.8785459833548,0.000305627,0.077777578
5,0.0,88008.0,22103.0,500,False,1,0.068298142,0.0,990.9584946944083,0.000197296,0.049133192
6,0.0,616.0,255.0,500,False,1,0.071514386,0.0,1813.8483695317007,0.000168292,0.029344912
